<?xml version="1.0" encoding="UTF-8"?>
<rss version="2.0" xmlns:ror="http://rorweb.com/0.1/" >
<channel>
  <title>ROR Sitemap for http://seng2017014.warnajith.info/admin/</title>
  <link>http://seng2017014.warnajith.info/admin/</link>

<item>
     <link>http://seng2017014.warnajith.info/admin/</link>
     <title>Document</title>
     <description>Document</description>
     <ror:updatePeriod></ror:updatePeriod>
     <ror:sortOrder>0</ror:sortOrder>
     <ror:resourceOf>sitemap</ror:resourceOf>
</item>
<item>
     <link>http://seng2017014.warnajith.info/admin/index.html</link>
     <title>Document</title>
     <description>Document</description>
     <ror:updatePeriod></ror:updatePeriod>
     <ror:sortOrder>1</ror:sortOrder>
     <ror:resourceOf>sitemap</ror:resourceOf>
</item>
<item>
     <link>http://seng2017014.warnajith.info/admin/about.html</link>
     <title>Document</title>
     <description>Document</description>
     <ror:updatePeriod></ror:updatePeriod>
     <ror:sortOrder>1</ror:sortOrder>
     <ror:resourceOf>sitemap</ror:resourceOf>
</item>
<item>
     <link>http://seng2017014.warnajith.info/admin/history.html</link>
     <title>Document</title>
     <description>Document</description>
     <ror:updatePeriod></ror:updatePeriod>
     <ror:sortOrder>1</ror:sortOrder>
     <ror:resourceOf>sitemap</ror:resourceOf>
</item>
<item>
     <link>http://seng2017014.warnajith.info/admin/Where-to-go.html</link>
     <title>Document</title>
     <description>Document</description>
     <ror:updatePeriod></ror:updatePeriod>
     <ror:sortOrder>1</ror:sortOrder>
     <ror:resourceOf>sitemap</ror:resourceOf>
</item>
<item>
     <link>http://seng2017014.warnajith.info/admin/map.html</link>
     <title>Document</title>
     <description>Document</description>
     <ror:updatePeriod></ror:updatePeriod>
     <ror:sortOrder>1</ror:sortOrder>
     <ror:resourceOf>sitemap</ror:resourceOf>
</item>
<item>
     <link>http://seng2017014.warnajith.info/admin/Documents/Sri%20Lanka.pdf</link>
     <title></title>
     
     <ror:updatePeriod></ror:updatePeriod>
     <ror:sortOrder>1</ror:sortOrder>
     <ror:resourceOf>sitemap</ror:resourceOf>
</item>
<item>
     <link>http://seng2017014.warnajith.info/admin/Documents/Sri-Lanka-Travel-Guide-min.pdf</link>
     <title></title>
     
     <ror:updatePeriod></ror:updatePeriod>
     <ror:sortOrder>1</ror:sortOrder>
     <ror:resourceOf>sitemap</ror:resourceOf>
</item>
</channel>
</rss>
  